CHROM	POS	ID	REF	ALT	BETA
1	6693097	rs3174820	A	G	-1.719853e-03
1	11579470	rs2072994	G	A	-1.549456e-03
1	11603063	rs2817619	C	T	 2.571144e-03
1	16371067	rs2015352	G	T	 4.040786e-03
1	18034588	rs7528432	T	C	 1.871766e-03
1	20338794	rs1605317	A	C	 5.038970e-04
1	27687466	rs35659744	G	T	 1.488461e-02
1	27690297	rs4075731	G	T	 7.265785e-04
1	34037669	rs1493990	T	C	-3.286125e-05
1	38338795	rs11488569	A	G	 4.837044e-03
1	41105238	rs12562229	A	G	-3.551434e-03
1	48974933	rs1539530	T	C	-1.941128e-03
1	59147926	rs12139511	T	C	 1.330981e-03
1	67633812	rs1884444	G	T	-3.819571e-03
1	69832182	rs288925	A	G	-1.049374e-03
1	79582607	rs12143872	T	C	-7.537516e-03
1	81995870	rs11806028	G	A	 1.759367e-03
1	93646418	rs10874763	C	T	 1.079508e-02
1	101793457	rs7539216	A	G	 3.052911e-03
1	109273455	Affx-52321779	GA	G	-2.016312e-03
1	112018657	rs6703267	G	A	 5.929902e-04
1	149906413	rs11205303	T	C	-5.284331e-03
1	152957832	rs1611762	C	A	 4.063544e-04
1	153913770	rs2252508	A	G	-6.701911e-03
1	157149788	rs6671668	T	C	-3.649627e-03
1	161068836	rs11576830	A	C	 2.528915e-03
1	170635002	rs525489	T	G	-1.840570e-02
1	170649279	rs4656794	G	A	-5.022418e-03
1	177408482	rs10798518	A	G	-7.050185e-03
1	180159653	Affx-52346762	TCC	T	-1.632948e-02
1	181026558	rs4652552	G	A	-7.548791e-04
1	183907670	Affx-6119867	A	G	-3.654292e-04
1	186101539	rs10911825	A	G	 2.817664e-03
1	197070697	rs41310927	T	C	-8.086157e-07
1	197304081	rs2786113	T	G	-3.515154e-03
1	197350704	rs10922212	G	A	-7.518963e-03
1	202887295	rs2275734	G	A	-3.608182e-03
1	203363506	rs10800923	G	A	-2.355626e-03
1	203371740	rs4587615	T	C	-3.499404e-04
1	204556958	rs12566957	C	T	 1.862186e-02
1	214820099	rs3748697	A	G	 2.159087e-03
1	223813586	rs35539373	G	T	-3.033196e-03
1	232488827	rs1766593	C	T	 4.778698e-03
1	234413080	rs72761908	C	T	-9.857359e-03
1	237841390	rs34967813	A	G	 8.494658e-04
1	238076073	rs1416799	A	T	-5.644601e-03
1	240076608	rs10495449	A	G	-6.176956e-03
1	240562098	rs9727699	G	T	-1.274657e-03
1	242876789	rs72768571	G	C	-3.036710e-03
1	244573756	rs6429464	G	A	-2.546573e-03
1	245116298	rs7522091	A	G	-1.760579e-03
1	245121498	rs12082673	T	C	-2.466061e-03
1	247006051	rs12410563	G	C	 5.284098e-03
10	4240543	rs10751963	A	C	-3.742824e-03
10	13511365	rs5783325	CA	C	 1.303112e-04
10	14032115	rs2447010	T	C	-1.658713e-03
10	16526840	rs2275731	G	A	-3.046850e-03
10	16979714	rs41289305	T	C	 5.591434e-03
10	17204187	rs11254413	G	A	-6.878032e-04
10	17891705	rs1926736	A	G	 5.652337e-03
10	21957229	rs2183271	T	C	 7.248353e-03
10	29839787	rs10160013	A	G	 3.150210e-03
10	53913465	rs10762597	G	A	-4.916701e-04
10	59714480	rs917819	T	C	 3.096761e-03
10	61552692	rs1053266	G	T	 1.983224e-03
10	71948970	rs4746976	G	A	-1.151814e-03
10	84501786	rs535945	A	G	-6.868423e-03
10	92106907	rs7898470	G	A	 2.440042e-03
10	99439673	rs3818780	C	G	-9.913853e-04
10	104572963	rs284860	T	C	-4.038575e-03
10	106877218	rs10786843	A	G	-3.002044e-03
10	112517573	rs34376649	G	A	-1.060095e-03
10	117954101	rs2577374	G	A	 1.488499e-02
10	117982741	rs11197593	T	C	 1.069260e-02
10	124742895	rs3736582	G	C	 2.700112e-03
10	127528267	rs3781058	T	C	-2.125316e-03
10	127653081	rs7358157	C	T	-4.074666e-03
10	127675607	rs3812683	A	C	-2.761460e-04
10	129906980	rs2152143	C	T	 1.137571e-03
11	305619	rs6421984	T	C	 2.760444e-03
11	309127	Affx-4874600	A	G	 1.575550e-02
11	324170	rs11246065	A	G	 1.217248e-02
11	704604	rs35782494	GA	G	 1.632287e-03
11	4389404	rs11310407	AG	A	 6.362295e-05
11	4510285	rs96489	A	G	 1.027440e-03
11	5322737	rs10837771	A	G	 6.590853e-03
11	5776484	rs4910844	A	T	-9.539716e-03
11	6891385	rs2741764	G	A	-5.374689e-03
11	10673739	rs4909945	T	C	-4.671591e-03
11	10860648	rs2088279	C	T	 1.513198e-03
11	11799017	rs4451726	A	G	-2.828992e-03
11	24891444	rs1486719	G	C	-1.535583e-04
11	28708258	rs4922808	C	T	 5.327000e-03
11	44834194	rs2166452	C	A	 8.127228e-03
11	47857253	rs3816605	T	C	-5.905272e-03
11	49227620	rs202676	A	G	-1.084536e-02
11	58190136	rs4298923	A	G	 1.734685e-03
11	58427583	rs10750901	G	A	 4.713796e-03
11	59480952	rs499037	G	A	-2.759842e-03
11	60165351	Affx-52350131	CAT	C	-5.264947e-03
11	61569830	rs174546	C	T	-2.592384e-04
11	61597972	rs1535	A	G	-4.457040e-04
11	61913196	rs7129085	G	T	 4.711211e-03
11	63057925	rs1790218	G	A	 7.804774e-03
11	66328095	rs1815739	T	C	-9.752058e-03
11	70279766	rs643301	C	T	-8.155620e-03
11	78733570	rs1435469	T	C	 1.176081e-03
11	81006339	rs2032408	T	C	 5.527223e-04
11	84206867	rs891575	A	G	-8.338482e-04
11	91736471	rs10830807	C	T	 6.678545e-03
11	92570813	rs11020076	C	A	 8.622457e-03
11	107381765	rs654093	G	A	-6.481858e-03
11	111179054	rs3087587	A	G	 1.453161e-03
11	117671091	rs7947524	C	T	-1.092019e-02
11	118765600	rs3922	A	G	-2.156499e-05
11	118952173	rs15818	A	G	 5.767842e-04
11	122198706	rs10790495	A	G	 1.725365e-03
11	124947396	rs55752830	A	G	 1.631683e-03
11	126294817	rs948052	G	A	-1.432070e-03
12	974355	Affx-8610059	T	TC	 7.300897e-03
12	3126040	rs933420	C	T	-5.483712e-04
12	4303153	rs1861178	A	G	-6.403303e-04
12	4462598	rs17700406	T	C	 6.248571e-04
12	5849572	rs10849329	T	C	-1.147324e-03
12	6526672	rs2886086	C	G	-1.875457e-03
12	7511504	rs10431230	A	G	-3.826279e-04
12	8137597	rs11612804	T	C	-2.463983e-03
12	9009820	rs1558526	G	A	 6.290385e-03
12	10999780	rs1063193	C	T	-3.154057e-03
12	14656768	rs1600	G	C	-5.219795e-03
12	16174267	rs3983663	A	G	 5.128122e-03
12	20046132	rs11044926	A	G	 2.675376e-03
12	24435421	rs526058	T	C	-8.197263e-03
12	27787553	rs2075376	T	C	-9.304913e-03
12	28605426	rs10771427	G	A	 9.691206e-03
12	28739845	Affx-7597985	G	A	 5.866723e-03
12	48179044	rs3815133	C	G	-1.055203e-02
12	49128261	rs6580694	A	G	-3.306611e-04
12	55641255	rs4522268	C	T	-7.995775e-04
12	56470625	rs11171739	C	T	 5.394861e-04
12	57705853	rs11172156	C	T	-1.011860e-02
12	66371880	rs7968682	G	T	-1.720645e-03
12	66401444	rs11175997	A	G	-1.495975e-02
12	81315746	rs7303026	A	C	-6.900520e-04
12	89745477	rs2279574	C	A	-3.445907e-04
12	95645385	rs12320196	A	G	-1.538335e-03
12	95777377	rs10507056	G	A	-2.623282e-03
12	95830338	rs159853	C	T	 2.790172e-03
12	98850195	rs829864	C	T	-1.773583e-05
12	99148667	rs10860363	T	C	 3.017582e-03
12	108404715	rs12370166	A	G	 4.876363e-03
12	109827461	rs16940177	T	C	 7.708026e-03
12	109835975	rs7957928	G	C	 2.764830e-03
12	113235279	rs7132088	C	T	-2.464990e-03
12	119249573	rs4767724	T	G	-5.439498e-04
12	119866533	rs1064319	A	G	 8.842400e-03
12	121432114	Affx-52326773	CG	C	-1.762965e-03
12	122396395	rs17852561	C	T	 5.581963e-03
12	122676012	Affx-52326790	CA	C	 2.013140e-03
12	125426470	rs4765001	C	T	 2.460963e-03
12	129189941	rs12424159	G	A	 1.973315e-02
12	130662899	rs61940071	G	A	 8.558419e-04
12	131444560	rs950440	C	A	 1.108081e-04
12	131863371	rs7303835	G	A	-1.982381e-03
12	133778796	rs7975069	C	T	 9.321479e-03
13	20794956	rs9509098	T	G	 4.715639e-04
13	22423925	rs17287933	C	T	 2.655768e-04
13	28958955	rs3751395	C	A	 6.446993e-03
13	42465713	rs9562362	C	T	 3.343426e-04
13	45914957	rs2234216	T	C	 1.526239e-02
13	45947696	rs9534116	T	C	 5.601686e-03
13	46115731	rs1536207	C	A	-2.244995e-03
13	50057097	rs2057413	G	A	-2.581222e-03
13	51152611	rs1239704	G	A	-3.409819e-03
13	51401993	rs1323884	G	T	 2.916436e-04
13	51443315	rs680705	A	G	-2.281326e-02
13	60922302	rs959957	G	A	-6.919710e-03
13	72898858	rs61970722	G	A	 1.857265e-03
13	73349359	rs7332388	G	C	 2.798927e-03
13	95866060	rs9524832	T	C	-2.109301e-03
13	100515161	rs10648017	A	AGACTT	 4.137508e-03
13	100517409	rs7317032	G	A	 3.595221e-03
13	101762050	rs640960	C	T	-1.172975e-02
13	101970041	rs74886261	G	T	 8.468911e-03
13	102506447	rs1322708	G	A	-1.430864e-03
13	112144613	rs1163828	T	C	-7.592427e-03
14	21458320	rs80334560	CCCCG	C	 8.491618e-03
14	30000682	rs1191548	A	G	 3.011537e-03
14	34935645	rs2787438	G	A	 4.175546e-03
14	49605944	rs12587956	C	A	-8.943564e-04
14	51319812	rs7143937	C	G	 4.252386e-03
14	55218161	rs2295820	A	C	-3.655488e-03
14	60363170	rs9285586	A	G	 1.449244e-03
14	73727509	Affx-35927659	T	G	 9.489411e-04
14	75159007	rs2270424	G	A	 1.448599e-02
14	79219462	rs7149051	T	C	-5.786774e-03
14	89437502	rs12589130	G	A	-1.547938e-03
14	99639270	rs1152781	T	G	-1.435835e-03
14	100997337	rs10151709	A	G	-4.938330e-03
14	101829508	rs10138500	T	C	-4.751880e-04
14	104165927	rs1799796	T	C	-5.117812e-03
15	20189412	rs7498096	A	G	 5.865738e-03
15	22918960	rs6606805	G	C	-5.200833e-03
15	24592692	rs11637589	G	T	-5.145825e-04
15	36260238	rs17616971	G	A	-1.068279e-02
15	37281805	rs35356758	G	A	 1.237834e-05
15	45661678	rs1288775	T	A	 5.956923e-03
15	50409125	rs12909011	G	A	 3.073639e-03
15	62489128	rs12442867	A	C	 2.940127e-03
15	65621441	rs12907128	C	A	-3.708425e-03
15	67449660	rs2033784	A	G	 8.348146e-03
15	74241506	rs750460	G	A	 5.664195e-03
15	78841220	rs8053	T	C	-4.750300e-04
15	83991937	rs7172439	T	C	 1.804155e-03
15	84019207	rs1510473	C	T	 1.261753e-02
15	85448875	rs8187758	C	A	 8.085656e-03
15	85463930	rs55646843	A	G	-6.117322e-06
15	88464729	rs1435398	T	C	-1.515202e-03
15	89417238	rs1126823	A	G	-2.463070e-03
15	89735582	rs875391	G	A	-1.330415e-04
15	90245174	rs4287542	T	A	-2.029316e-03
15	97005192	rs10852050	A	G	 7.844831e-03
15	102073364	rs11636460	C	T	-2.749775e-03
16	1306559	rs3830782	AG	A	 7.175145e-03
16	2894048	rs4786333	T	C	-6.750475e-03
16	5137069	rs12928220	C	G	 2.529472e-03
16	6110547	rs1035564	C	T	 2.782562e-03
16	7001406	rs9932084	A	G	 2.521343e-03
16	7718276	rs9939952	T	C	 1.513179e-03
16	10554207	rs10445000	G	A	-1.897938e-03
16	11437779	rs9936459	C	T	 1.299051e-03
16	12727894	rs7194966	C	T	-1.102342e-03
16	15168760	rs4985147	T	C	-4.425034e-03
16	15499057	rs222908	T	C	-9.532052e-05
16	16278863	rs8058694	G	T	 1.067005e-02
16	17201896	rs59519766	C	T	 1.711013e-04
16	17275427	rs7193870	C	T	-1.222617e-03
16	19800213	rs7191155	T	C	-6.400396e-03
16	20318068	rs12924740	G	A	 4.151727e-03
16	23778191	rs3852772	C	T	 6.754154e-04
16	24500514	rs2115079	T	G	 1.820930e-03
16	26883057	rs9925072	A	G	 6.752579e-03
16	28507644	rs180743	C	G	 3.534240e-03
16	49517891	rs543659	T	C	 1.849950e-03
16	49672520	rs3803665	A	G	 1.017252e-03
16	49941230	rs10521193	T	C	-3.342767e-03
16	49987511	rs61475462	G	A	 6.670006e-03
16	68100461	rs2285912	C	T	 2.976693e-03
16	69745145	rs1800566	G	A	 2.072537e-03
16	71674882	rs2303225	C	G	-3.023631e-03
16	79245956	rs2288034	C	G	-1.683861e-03
16	81249954	rs7191351	T	A	-3.176074e-03
16	83328162	rs2875784	A	G	-1.249579e-02
16	84632755	rs2914841	A	G	 5.105646e-07
16	84859934	rs36076623	C	T	-4.002548e-04
16	86368599	rs11643741	T	G	 1.885038e-03
16	86632005	rs8052193	T	C	 1.313988e-03
16	87788864	rs2303771	G	A	-1.204012e-02
16	88331640	rs9938149	C	A	 2.371784e-04
16	88894632	rs11648924	T	C	-4.358980e-03
16	89058640	rs8044191	G	A	-4.552864e-03
17	937582	rs72814004	A	G	-1.084917e-04
17	1098724	rs4636972	T	C	 1.648346e-05
17	1690752	rs11549830	G	A	 5.034348e-03
17	3428176	rs62069863	G	A	-4.118280e-03
17	5959278	rs12950135	A	T	 5.255889e-03
17	9792768	rs17681684	G	A	-4.242090e-03
17	14005439	rs2159132	G	A	-1.141163e-03
17	29705947	rs2525574	T	C	 1.859997e-03
17	29818894	rs4795613	A	G	 5.384196e-03
17	31944898	rs4794966	G	A	-5.047202e-04
17	41063466	rs2229611	T	C	-5.832132e-03
17	44061023	rs62063786	G	A	 5.769097e-03
17	44109474	Affx-13930388	G	A	-2.040465e-02
17	48309874	rs4794117	C	A	-1.298865e-03
17	60824224	rs17746153	A	G	 1.212832e-03
17	62705738	rs2676289	G	A	 6.988929e-03
17	63774619	rs1833348	T	G	 1.124163e-03
17	64329197	rs9635753	T	G	-1.391880e-04
17	73518203	rs9911502	G	C	-6.035831e-03
17	73519413	rs8064529	C	T	-8.575887e-04
17	75768225	rs12947580	G	A	-9.597623e-04
17	77075670	rs140106265	C	CT	-2.274365e-03
17	79420224	rs12150031	C	G	 2.246086e-03
18	1974243	rs1397058	T	C	-3.822849e-03
18	1994943	rs11663741	G	A	-2.056602e-03
18	2533130	rs770224	T	C	-6.539663e-03
18	2724930	rs633422	A	T	 1.036997e-02
18	4056012	rs11660659	G	A	-2.053847e-03
18	6765475	rs35595272	C	A	-5.617294e-04
18	9654793	rs8091974	A	G	-9.899178e-04
18	23646534	rs11661836	G	A	 4.663972e-03
18	24026191	rs16942334	G	T	-4.107612e-03
18	25800169	rs7236787	G	A	 9.574502e-03
18	29219289	rs3794878	C	T	-1.262188e-03
18	32968289	rs10775459	C	T	 7.488123e-03
18	42439886	rs991014	C	T	-5.143911e-03
18	43319519	rs1058396	G	A	 1.438383e-02
18	44086231	rs2282552	G	A	-7.059843e-03
18	46516374	rs7229351	G	A	 1.283587e-02
18	50852319	rs11665094	A	G	 8.563929e-05
18	55936568	rs17806239	A	G	 8.999748e-03
18	61390361	rs1395267	T	C	-5.282893e-03
18	63530016	rs2291343	A	G	-1.228273e-02
18	65179829	rs2279269	G	A	 1.262015e-03
18	71556496	rs4891529	G	A	 7.525913e-04
18	77805949	rs3744873	A	C	-1.037480e-03
19	4524016	rs1062223	G	A	-9.883343e-03
19	8122737	rs2303164	G	A	 2.806071e-03
19	8213231	rs6603149	A	G	-3.099604e-03
19	10062449	rs12459143	G	A	 1.045759e-02
19	10404519	rs17852402	G	A	 7.554793e-03
19	11275139	rs7188	A	C	 9.154820e-04
19	13010520	rs8012	A	G	 1.215428e-03
19	19939387	rs4808998	A	G	-5.531427e-04
19	33370070	rs745961	A	G	-1.514324e-03
19	36727365	rs2070132	G	A	-5.936203e-03
19	37642922	rs79071992	C	T	-1.117954e-02
19	38717264	rs7253360	A	G	-5.339812e-03
19	39993560	rs8107127	T	G	 3.562658e-03
19	42132314	rs1126454	G	C	 1.465349e-03
19	43519362	rs11083680	C	T	-5.781474e-03
19	47291174	rs3027956	G	C	-1.248354e-03
19	49617076	rs4802560	T	G	-2.509140e-04
19	49618778	rs1009213	A	G	-4.436854e-03
19	51728477	rs12459419	C	T	-2.913127e-03
19	51841417	rs34380065	C	T	 6.493975e-03
19	52004795	Affx-52333817	G	GT	 6.913859e-03
19	52520607	rs61574510	C	T	 2.310087e-03
19	53868959	rs7249464	G	C	 1.566586e-03
19	54962467	rs1035451	G	A	 3.445234e-03
19	55739687	Affx-52359803	ACGGG	A	-3.418996e-03
19	56106221	rs10451452	G	C	 1.177375e-04
19	56154718	rs11233	G	A	 4.865359e-03
19	56221584	rs8105023	T	G	 1.957209e-03
2	5494291	rs940515	A	G	 5.472650e-04
2	8774109	rs13405396	C	T	 2.693526e-03
2	18316641	rs2345496	A	G	 4.167926e-03
2	20868640	rs34406620	C	A	 1.322951e-02
2	24686441	rs6756785	A	G	 1.172910e-03
2	29621629	rs10204724	A	G	-7.207573e-03
2	30549708	rs66927291	G	A	-3.563236e-04
2	45178329	rs163499	C	T	-4.261932e-03
2	51394817	rs880381	C	A	 4.427455e-03
2	51458570	rs4141448	A	G	 5.288718e-03
2	53248062	rs2121301	C	T	 6.185200e-03
2	54562012	rs55714450	C	A	-2.609555e-03
2	56503029	rs214041	A	C	 9.006789e-04
2	60565568	rs243091	T	C	-3.095614e-03
2	60687959	rs7569946	A	G	 2.316484e-04
2	60745396	rs28366455	C	T	-1.098527e-03
2	63131731	rs721048	G	A	-1.623444e-02
2	65858959	rs840783	T	G	 6.039793e-03
2	67630980	rs3770657	G	A	 1.630273e-02
2	67682091	rs623457	G	A	 6.341854e-03
2	67723565	rs17033681	A	G	 2.173837e-03
2	68510034	rs1443654	A	G	-8.339587e-03
2	71058835	rs741326	A	G	-4.146894e-03
2	73675227	rs199801824	T	C	-2.117877e-03
2	74690039	rs2268416	G	A	 1.311710e-02
2	75832622	rs6725366	T	C	 5.501580e-03
2	75926565	rs2298948	T	C	-9.689538e-05
2	76974255	rs2860833	G	C	-8.669480e-04
2	88895123	rs13045	T	C	 1.953012e-04
2	98853173	rs11889349	G	A	 2.729372e-03
2	99465502	rs6733011	A	G	-1.329495e-03
2	100825367	rs9653442	C	T	-5.165144e-03
2	101339280	rs1513629	C	A	-3.296611e-03
2	109716551	rs11674275	T	G	 1.170093e-03
2	112754828	rs3811632	G	T	 3.199218e-04
2	119987726	rs708673	G	C	-3.161040e-03
2	120024503	rs6721852	T	C	-4.111869e-03
2	120980428	rs11550347	G	C	-7.381352e-03
2	123396005	rs7575942	C	T	 2.416150e-03
2	142641628	rs1369528	T	C	 7.635868e-03
2	152322095	rs2444257	A	T	-3.233512e-03
2	157610894	rs1993788	T	C	-1.179823e-03
2	170441001	rs2276611	G	A	-1.054347e-02
2	173847492	rs2592944	A	G	 5.946052e-03
2	177332193	rs62188973	T	G	-8.110531e-03
2	182953527	rs1196151	C	A	 3.248682e-03
2	191184475	rs291466	A	G	 4.674738e-03
2	192455145	rs4853618	T	G	 5.261871e-03
2	192818166	rs7600878	C	T	-2.490928e-03
2	192865778	rs4241286	C	T	 7.637593e-03
2	201355106	rs13018579	G	A	-2.163416e-03
2	204573392	rs35988305	C	G	 1.632616e-03
2	208088987	rs11695409	G	A	-1.825961e-03
2	211302627	rs41272663	C	A	-3.495101e-03
2	214794743	rs12623569	A	C	 2.385894e-04
2	216956668	rs828922	T	C	-6.594793e-04
2	218683154	rs2571445	A	G	 5.408000e-03
2	220037666	rs1127102	A	G	-7.114158e-03
2	225523685	rs11903959	T	G	 1.412437e-03
2	232263127	rs2290130	G	A	-3.554641e-03
2	235978207	rs10205183	G	A	-9.708021e-04
2	242255830	rs13006939	C	T	 3.426251e-03
20	1520042	rs6079527	T	A	-2.686491e-03
20	1552430	rs2253427	T	C	-8.582855e-03
20	1600524	rs1535882	T	C	 7.644307e-04
20	4071053	rs6084608	T	C	 1.861891e-03
20	8881586	rs3848842	T	C	-6.541431e-04
20	23028724	rs1042579	G	A	 2.097639e-03
20	23763351	rs6138081	G	A	 2.983280e-03
20	39265489	rs62211742	T	C	-2.366649e-03
20	43379264	rs6073538	A	C	-2.114684e-04
20	45253237	rs2143500	A	G	-4.755127e-03
20	47144063	rs1321009	G	A	 1.224289e-03
20	52384747	rs2058250	C	T	 7.018074e-03
20	55313225	rs4811746	T	C	 1.007086e-02
20	56067556	rs2902991	A	G	-5.452226e-04
20	56099114	rs6070128	C	G	-2.463584e-03
20	56821127	rs3746405	A	G	-5.456547e-03
20	59040427	rs35901992	C	T	 2.908322e-03
20	62473704	rs2247297	A	G	-9.228470e-04
21	23364267	rs2827195	G	A	-1.341291e-02
21	32667896	rs1977904	G	A	-5.481234e-04
21	34199847	rs2833970	T	C	-1.040134e-02
21	34223915	rs2833981	T	C	-4.663819e-03
21	34926260	rs13047599	C	T	-5.897499e-04
21	35971293	rs2284605	C	A	-1.336366e-03
21	40670460	rs2056844	G	C	 1.038382e-02
21	43356289	rs565106	C	A	 3.257200e-04
21	46142859	rs235290	G	C	-1.001546e-02
21	47417303	rs2839077	T	C	-1.526831e-02
21	47450886	rs2243985	G	T	-5.247740e-03
22	17669306	rs2231495	T	C	 9.744931e-03
22	18912678	rs4819756	A	G	 3.512069e-03
22	21320321	rs5761567	C	T	 3.129318e-04
22	22516883	rs34221567	TC	T	-1.141897e-02
22	26789849	rs2226691	G	A	 4.010352e-03
22	28012628	Affx-19311466	G	A	-3.649866e-03
22	29664423	rs2301291	G	A	 9.545888e-04
22	29704125	rs11090564	C	T	-1.330829e-03
22	29773869	rs5763178	A	G	 6.535129e-03
22	32811952	rs5998478	A	G	 4.334092e-03
22	43089849	rs11541159	T	C	 2.185922e-03
22	44489896	rs738479	T	C	-1.106877e-02
22	44740724	rs10775786	G	A	-3.624630e-03
22	45749983	rs5764698	G	T	 5.009982e-04
22	45886998	rs4352315	A	G	-4.446198e-03
22	47301822	rs5767397	T	C	-6.689429e-04
22	51148424	rs9616945	G	A	 2.482398e-03
3	2675189	rs9849237	C	T	 4.334307e-04
3	4838209	rs931387	C	T	-2.796677e-03
3	5082955	rs7616918	C	T	-1.273629e-02
3	20479339	rs6774568	T	C	-6.344404e-04
3	23128544	rs6550720	T	C	 1.483301e-03
3	29732963	rs41455650	C	T	 9.531099e-04
3	34165785	rs13315416	C	T	-4.516050e-04
3	34253007	rs9866762	A	G	-1.855774e-03
3	34421643	rs1518886	C	A	 2.204611e-03
3	38363393	rs171248	C	T	-3.477823e-03
3	41312055	rs9820765	G	A	 5.234293e-04
3	46501268	rs1126477	C	T	-4.416325e-03
3	48732480	Affx-22399275	T	C	 6.168666e-03
3	48893780	rs9840684	T	C	-3.305381e-03
3	49067904	rs61729488	T	C	 2.380041e-03
3	49701298	rs2005557	G	A	-9.488621e-03
3	50440552	rs17606778	C	A	-1.883980e-02
3	59153978	rs6762031	A	G	-9.856051e-04
3	69299233	rs4361282	C	G	-4.454066e-03
3	70955186	rs7638679	G	A	 5.704067e-03
3	75787809	rs1962895	T	C	-6.864970e-04
3	77995064	rs4680921	C	T	 1.188300e-03
3	89521693	rs35124509	T	C	-1.132065e-03
3	97806944	rs80220955	T	C	 2.631453e-03
3	100322043	rs9856338	C	T	 2.272469e-03
3	101679997	rs6783446	A	C	-4.069037e-03
3	108147728	rs3900940	T	C	 1.323858e-03
3	110112457	rs73217900	A	G	-4.702596e-03
3	112050148	rs11923402	G	T	 1.230189e-03
3	113379865	rs9866806	G	C	 1.463878e-03
3	113955320	rs6438191	C	T	-4.145399e-03
3	121304933	rs9813391	G	A	-9.642950e-04
3	132446336	rs7622700	G	T	-9.315679e-04
3	134077470	rs1353776	C	G	 2.208643e-03
3	134372486	rs9883955	T	G	 1.761759e-03
3	141074962	rs13095453	G	A	 1.777814e-03
3	142985100	rs1046706	G	T	 4.634411e-03
3	158537443	rs3765083	A	G	-1.578480e-03
3	159462903	rs1461100	A	G	-4.433792e-03
3	159952278	rs6441306	A	G	 1.321340e-03
3	167525326	rs1553221	A	G	-3.133255e-03
3	172069075	rs565933	T	C	 2.285899e-04
3	177567890	rs62283382	A	G	-1.168421e-03
3	181409057	rs7631379	T	C	 3.016210e-03
3	184700426	rs11555405	C	T	 7.435525e-04
3	187164868	rs7614156	T	C	 3.875729e-03
3	188184831	rs1365261	G	T	-2.556261e-03
3	189421779	rs6773555	A	G	 1.563666e-03
3	195528226	rs2641773	C	A	-7.936835e-03
4	2744087	rs2269495	G	A	 8.329144e-03
4	8006928	rs11939078	C	T	-2.183624e-03
4	8207083	rs2677605	A	G	 1.207209e-02
4	15364283	rs6836057	T	G	 2.495559e-03
4	17996046	rs2724470	A	G	-5.720004e-03
4	18787189	rs11723370	G	A	-9.120013e-03
4	39616548	rs12512211	G	A	 2.026132e-03
4	42690604	rs1460352	A	G	-3.145117e-03
4	48196494	rs7680282	C	T	-9.972690e-04
4	48988450	rs3747690	C	A	 1.263460e-02
4	55049751	rs7659596	A	G	-3.163261e-03
4	56783609	rs1838928	G	C	 2.082495e-03
4	68829109	rs977728	C	T	 6.681194e-03
4	81146222	rs2125236	C	T	-6.071463e-04
4	84374480	rs1494961	C	T	 4.591867e-03
4	95496882	rs2452600	C	T	 2.937009e-03
4	108874039	rs3756271	C	A	 1.121788e-02
4	115223513	rs35173079	A	G	-3.802505e-03
4	124650005	rs1834378	A	G	 3.642711e-04
4	126238924	rs6847454	A	T	 2.684987e-03
4	126267588	rs11737230	A	G	 3.870321e-04
4	126273530	rs2710548	C	T	 1.079797e-02
4	126933292	rs1320267	G	C	-3.875329e-04
4	130631028	rs4863874	C	T	-8.694024e-04
4	130747207	rs2968965	T	G	-5.350803e-03
4	133906801	rs10518624	C	T	-5.519452e-04
4	140332984	rs55708326	C	CAT	-2.397046e-03
4	140542427	rs10027416	G	A	-4.816996e-03
4	145257412	rs4031150	A	G	-1.010469e-02
4	145858473	rs813139	A	G	 1.004328e-03
4	151300657	rs13139265	G	A	 5.150332e-04
4	175609577	rs6820398	T	C	 4.761224e-04
4	177100644	rs11736872	G	A	-5.576966e-04
4	181320843	rs4615210	C	T	 2.842194e-03
4	185831344	rs72693526	G	A	-2.372003e-03
4	186581606	rs4466085	T	C	-4.884528e-04
4	186687554	rs12715855	A	C	 2.133613e-03
4	186696269	rs2133380	A	G	 6.343869e-05
4	186860402	rs34836741	T	C	-3.091278e-03
4	190017030	rs13108399	T	C	-2.014186e-04
5	1036962	rs34413936	C	A	 1.127154e-02
5	1286516	rs2736100	C	A	-4.881652e-03
5	2150480	rs11960772	C	T	-1.888906e-03
5	13894894	rs4701997	T	A	 6.258506e-03
5	18228471	rs2938427	T	C	-7.701257e-04
5	31989984	rs13155323	C	T	 2.145402e-03
5	34685190	rs116118111	G	A	-3.678508e-03
5	35709184	rs13170390	G	C	 7.488237e-04
5	37276759	rs216387	A	G	-8.451667e-03
5	37925239	rs2366837	G	A	 1.012764e-02
5	38011531	rs2366974	A	G	 1.450646e-02
5	56207123	rs2257505	T	A	-3.026461e-03
5	68616331	rs10471774	C	T	-9.752028e-03
5	75951736	rs2937411	G	A	-1.805375e-03
5	76721089	rs90682	T	C	-1.482018e-03
5	76816443	rs10474516	T	C	-2.367049e-03
5	78290682	rs478651	T	C	 2.521934e-03
5	78421959	rs3733890	G	A	-7.905929e-04
5	97892515	rs1550809	C	T	 3.876988e-03
5	102433409	rs34813	G	A	-1.052749e-02
5	112176756	rs459552	T	A	-8.704659e-03
5	118520371	rs10477584	C	G	 4.731684e-03
5	122359640	rs451195	T	C	-4.450912e-03
5	131676320	rs1050152	C	T	 3.894881e-03
5	134782450	rs12520799	T	A	 7.544374e-03
5	141309824	rs351260	G	A	-3.659308e-04
5	148206473	rs1042714	G	C	-8.333036e-04
5	149070220	rs6878452	T	G	-3.754956e-03
5	150518357	Affx-25857388	C	CG	-1.873415e-03
5	156693958	rs1862874	T	A	-2.115341e-03
5	168180081	rs10036727	C	T	 2.909930e-03
5	172606818	rs29783	C	T	 2.126733e-03
5	175252691	rs10062922	T	C	 8.274202e-04
5	179699504	rs9968653	G	C	-4.908841e-04
6	1769245	rs12196461	T	C	-1.081301e-03
6	3846048	DRB4_103	N	P	 2.311346e-02
6	6662939	rs201011	A	G	-8.135971e-04
6	7194411	rs4959430	T	C	-4.870638e-03
6	15496662	Affx-52341382	C	CT	-2.411321e-02
6	17665479	rs6906499	G	C	 1.949627e-03
6	28269663	rs1997660	A	G	-5.640813e-03
6	29555809	Affx-28402786	C	T	-2.395427e-03
6	29910250	A_201	N	P	 1.771644e-03
6	30920890	rs2240804	G	A	-7.893678e-05
6	32370835	rs2076523	T	C	 5.525925e-03
6	32804570	rs3819720	G	A	 4.758357e-03
6	32899485	rs3132131	A	G	 1.242876e-03
6	33048688	rs141530233	G	GA	 3.301944e-03
6	41038845	rs13191323	C	T	 4.113769e-04
6	41354324	rs687897	T	C	-1.085576e-03
6	41434817	rs2496635	G	A	-7.849865e-04
6	41995297	rs9369325	T	C	-6.226721e-03
6	43184132	rs2273709	A	C	 3.357453e-03
6	43252029	rs3800298	T	C	 5.875444e-03
6	43273604	rs2242416	A	G	-4.269116e-03
6	43875449	rs9381262	G	A	 6.846053e-03
6	51890823	rs9296669	G	A	 2.062187e-03
6	56420538	rs11756977	C	T	 9.685628e-03
6	64694354	rs4710457	C	T	-6.705917e-03
6	74155346	rs610913	G	T	-1.067086e-03
6	74325257	rs628038	T	C	 2.725991e-03
6	75848181	rs240736	A	G	 1.033224e-02
6	75953705	rs9360898	T	G	 1.762897e-03
6	77351684	rs6453927	T	C	 1.438343e-04
6	79424433	rs9352613	A	G	 4.340874e-03
6	79463845	rs9350776	A	G	 6.346505e-04
6	79501036	rs9343827	A	G	 4.676288e-03
6	82808030	rs1002783	C	T	 1.103261e-02
6	82900811	rs9449444	G	A	 1.039390e-02
6	89967498	rs282129	G	A	-4.366142e-03
6	100600097	rs17789218	T	C	-4.820458e-03
6	109221846	rs2806371	G	A	-1.225506e-02
6	112695498	rs7745802	C	T	 1.321423e-03
6	126258892	rs10447437	A	G	 2.322293e-04
6	127090469	rs4895815	A	G	-6.895688e-03
6	130152520	rs7776426	A	C	-1.293849e-03
6	131467107	rs6942184	G	C	 5.140772e-03
6	134158800	rs1208285	T	C	 1.121052e-02
6	138861255	rs4314513	G	A	-5.225342e-03
6	139229872	rs1044418	C	T	-1.336031e-03
6	139576544	rs41289819	G	A	 5.702766e-04
6	141187255	rs12524925	T	C	-4.282724e-03
6	143748722	rs3088203	T	C	 2.104693e-03
6	147635413	rs1039084	A	G	 4.427647e-03
6	150771106	rs1013663	A	G	-6.134353e-03
6	151153505	rs803410	G	A	-4.593742e-03
6	161007496	rs7765781	G	C	-2.682751e-03
6	162472032	rs2187197	A	G	-5.921464e-04
6	166040380	rs9348023	A	G	 2.733389e-03
6	167633465	rs13218576	T	C	-2.460774e-04
6	167706949	rs3010541	T	C	 3.710419e-03
7	6013049	rs1802683	C	G	 9.078004e-04
7	7169596	rs919681	T	C	 5.236619e-05
7	12573909	rs4721117	T	C	-5.968477e-03
7	21715525	rs1866671	C	T	 3.328347e-03
7	22167488	rs3807541	C	T	 2.481483e-06
7	23380185	rs1964536	T	C	 8.281068e-03
7	30217700	rs724576	G	A	 2.830583e-04
7	30712701	rs1076292	C	G	 1.671463e-03
7	45191908	rs12532145	G	A	-8.829035e-03
7	55123968	rs11773818	C	T	 6.665705e-03
7	73320111	rs12538362	C	T	 2.622556e-03
7	73325762	rs4717837	G	A	-5.388291e-03
7	74159167	rs201985028	G	C	 3.808370e-03
7	80044116	rs580265	A	G	 1.011673e-04
7	83498629	rs797640	G	A	-1.775832e-03
7	100466441	rs2075756	G	A	-7.706806e-05
7	100634640	rs1791	T	G	-1.009423e-02
7	100769538	rs2227631	A	G	 1.829822e-03
7	101007777	rs4729693	C	T	-1.376818e-03
7	103962110	rs55996783	T	C	-2.098423e-03
7	116405387	rs2237717	T	C	 4.039487e-03
7	127375129	rs10954163	G	A	 6.167291e-03
7	128363287	rs6971091	G	A	 3.250284e-03
7	129950740	rs2171492	G	T	 1.819480e-03
7	133827457	rs7782175	T	C	-5.653754e-04
7	138732497	rs3735007	G	A	 1.369808e-03
7	140374049	rs1140034	T	C	 2.405737e-03
7	141672705	rs1726866	G	A	-3.432574e-03
7	141673345	rs713598	C	G	 2.046123e-03
7	154414598	rs62477221	G	A	-1.926502e-03
7	154684153	rs3734960	T	C	-5.137261e-03
8	946219	rs2134500	T	G	-1.201310e-03
8	971062	rs35425201	C	T	 3.177830e-03
8	4390544	rs60392405	G	A	 4.519943e-03
8	5899679	rs6999130	A	G	 1.829814e-03
8	6760558	rs2738142	A	G	 5.068390e-03
8	13180606	rs12677361	A	G	 4.731402e-03
8	13382080	rs12234951	T	C	 6.312299e-03
8	20659900	rs7005810	T	C	 6.651124e-03
8	22481449	Affx-31923737	A	G	 1.729772e-03
8	23049292	rs2230229	C	T	-2.693859e-03
8	24491677	rs2720732	G	A	-6.041130e-06
8	26628028	rs1048101	A	G	-2.595190e-04
8	28489068	rs6994291	G	A	 8.765871e-03
8	31362197	rs4552855	T	C	 1.429261e-02
8	37730456	rs7341564	G	T	 3.789225e-03
8	40089064	Affx-32168388	A	G	 5.398705e-03
8	49101363	rs10086138	C	T	-1.456172e-03
8	50063607	rs55666136	A	G	 6.483591e-04
8	52054326	rs10102468	C	T	 3.261606e-03
8	55541450	rs446227	G	A	-9.417781e-04
8	62251889	rs56384513	C	T	-1.285983e-04
8	68798806	rs28391451	G	T	 1.038344e-03
8	71644807	rs13269690	T	C	-1.963702e-03
8	72269374	rs3808393	C	T	-5.277389e-03
8	72936145	rs959976	T	C	 7.391522e-03
8	87241847	rs7814198	G	A	-8.903077e-03
8	87666251	rs4961206	T	G	-5.705100e-03
8	91691631	rs4637779	G	A	-1.121656e-03
8	94752754	rs3813853	G	A	 1.142213e-03
8	94808165	rs3134031	A	G	 1.325335e-03
8	99205612	rs3735887	C	T	-3.156131e-03
8	104427359	rs3134295	A	C	-8.283662e-03
8	105866399	rs77718632	G	T	 1.605240e-02
8	116955558	rs1474516	A	G	-3.919843e-03
8	120429024	rs2279112	G	A	-2.164754e-02
8	121316804	rs6985324	C	T	 4.323425e-03
8	130699140	rs10956486	T	C	-4.047959e-03
8	134455229	rs11774184	T	C	 2.046485e-03
8	136045317	rs7840848	C	T	 6.776662e-03
8	144124609	rs11136300	T	C	-1.307435e-02
8	145066853	rs56261297	C	T	 9.962444e-03
9	712060	rs4465020	G	C	 3.090536e-03
9	1056728	rs3824419	G	C	 1.022328e-03
9	3053992	rs2327709	A	G	 2.284892e-03
9	19713500	rs12000054	G	T	-2.112391e-03
9	22125503	rs1333049	G	C	-3.612034e-02
9	22206559	rs9696092	T	C	-2.485061e-03
9	26722736	rs7045601	A	G	 2.875682e-03
9	35870001	rs7044405	T	C	-4.878661e-03
9	73150918	rs41287373	C	T	 3.997887e-03
9	73290711	rs10780956	G	A	-6.623535e-03
9	74111236	rs13301425	G	A	 4.296108e-03
9	89669414	rs2061431	C	T	 9.488061e-03
9	95284982	rs10120210	T	G	 1.439356e-02
9	95693021	rs10992538	C	T	 2.368102e-04
9	96158030	rs10739949	C	T	-3.800357e-03
9	96214928	rs1055710	G	A	-3.239945e-03
9	112900199	rs914358	T	C	-3.314740e-03
9	116679181	rs7047895	G	A	 3.600804e-03
9	116931099	rs2241671	G	A	-7.070098e-04
9	117000801	rs1982850	G	A	 3.193381e-04
9	124364349	rs7021714	C	T	 1.310520e-03
9	127215344	rs7861556	A	G	-6.468265e-04
9	130565267	rs10760502	A	G	 1.087670e-02
9	132082564	rs11788098	C	T	-6.551831e-04
9	136137065	rs687621	A	G	-4.158523e-05
9	136142355	rs643434	G	A	-4.154175e-02
9	136149229	rs505922	T	C	-5.693950e-03
9	139146342	rs67021676	T	C	 3.659234e-04
9	139279173	rs10781510	G	A	 3.142800e-03
9	139327599	rs71269007	G	GCGCCCACCCCTCCAGCCA	 1.750990e-02
9	139511247	rs7852910	C	A	 4.184357e-03
X	2700027	rs2306736	T	C	-4.269005e-03
X	5153366	rs17267930	T	G	 4.924834e-03
X	5651118	rs5916242	G	A	-4.862958e-03
X	7243048	rs10126096	G	C	-2.600272e-03
X	8918959	rs2405111	T	C	-7.231561e-03
X	9538206	rs2681646	G	A	-3.084534e-03
X	12924826	rs3764880	A	G	-2.009514e-03
X	13681679	rs5935650	G	T	 1.796878e-05
X	16891997	rs5924611	T	C	 4.930194e-03
X	22384571	rs4824168	T	C	 1.282707e-03
X	23160637	rs978391	C	T	 3.432390e-03
X	26157220	rs5944317	C	T	-8.357673e-03
X	27839617	rs12557898	G	A	 1.503439e-03
X	30254361	rs2071308	G	A	-2.830767e-03
X	31294762	rs5972363	G	C	-6.201707e-03
X	35821127	rs4829392	C	T	-3.109814e-03
X	38009121	rs35318931	G	A	-2.256585e-02
X	38178019	rs3810692	G	A	-9.529931e-04
X	38201879	rs12845367	A	G	-1.268069e-03
X	39752946	rs3008899	T	C	 8.801348e-03
X	40914444	rs1263915	A	G	 2.757152e-03
X	41821127	rs4827289	A	G	 3.004321e-03
X	44224491	rs5905799	G	A	-2.263114e-03
X	44478359	rs5907035	T	C	-2.047770e-04
X	44609993	rs66509220	C	T	 6.785313e-03
X	45522820	rs62587270	G	A	 2.340938e-03
X	46836070	rs2187789	T	C	 3.400039e-04
X	68381264	rs11539157	C	A	 2.201059e-02
X	68513004	rs4844341	G	A	 2.521816e-03
X	70352417	rs10521349	T	C	 2.335833e-03
X	70374222	rs12846068	G	A	 6.215695e-04
X	83723541	rs35161124	A	G	-3.644902e-03
X	83797361	rs2341838	C	T	 1.484094e-03
X	86441375	rs5922379	G	A	 1.937405e-03
X	86708674	rs2213724	A	G	-5.500237e-04
X	90341515	rs142289898	T	C	 2.627939e-03
X	98134554	rs5920707	T	C	-2.127797e-03
X	99847554	rs11092277	A	G	-4.501402e-03
X	100350683	rs34994578	TA	T	 2.730730e-06
X	107976940	Affx-34494619	G	C	 5.125061e-03
X	115402527	rs5952236	A	G	 4.730104e-03
X	115502933	rs5952090	C	T	-3.208890e-03
X	117287192	rs1230805	A	G	-1.218179e-03
X	119943375	rs1978413	T	G	 1.974777e-03
X	122135113	rs1496800	A	G	-3.057286e-03
X	122333728	rs17259295	C	A	-3.722146e-03
X	125299467	rs10126452	G	T	 4.947073e-03
X	125581882	rs5929773	T	C	 6.796847e-03
X	128074988	rs1204090	A	G	 2.170573e-04
X	135310785	rs2273221	T	C	 7.575830e-03
X	139826362	rs2281414	C	T	 5.462800e-03
X	139843520	rs6636113	G	A	 2.016310e-03
X	140042125	rs73236648	G	A	-8.973008e-04
X	141200871	rs5908162	G	A	 2.050046e-04
X	141234260	rs7065189	A	C	 3.170219e-03
X	143564152	rs11497363	A	G	 1.408838e-03
X	144273872	rs5920458	A	G	-5.457730e-03
X	145533571	rs232707	G	A	-1.232239e-02
X	150867743	rs6627445	G	C	-6.471336e-04
X	153881525	rs17328091	G	C	-3.173115e-03
